Word_Type,Word,English,Word_Start_Time_s,Word_End_Time_s,Duration_s,Minor_Syllable_End_Time_s,F0_P1,F0_P2,F0_P3,F0_P4,F0_P5,F0_P6,F0_P7,F0_P8,F0_P9,F0_P10,F0_P11,F0_P12,F0_P13,F0_P14,F0_P15,F0_P16,F0_P17,F0_P18,F0_P19,F0_P20,F0_P21,F0_P22,F0_P23,F0_P24,F0_P25,F0_P26,F0_P27,F0_P28,F0_P29,F0_P30
Monosyllabic,poq2,abdomen,0.0,0.54,0.54,,0.0,0.0,0.0,0.0,0.0,0.0,0.0,0.0,120.72,118.76,116.87,114.84,112.97,109.31,0.0,0.0,0.0,0.0,0.0,0.0,0.0,0.0,0.0,0.0,0.0,0.0,362.01,0.0,0.0,0.0
Monosyllabic,ke1,arm,1.217,1.7141,0.4971,,0.0,0.0,0.0,0.0,0.0,0.0,0.0,0.0,0.0,0.0,0.0,0.0,140.37,125.24,122.52,121.55,120.1,119.12,119.27,118.62,118.3,118.93,119.52,121.36,123.63,126.58,0.0,0.0,0.0,0.0
Sesquisyllabic,ˈəke2,ascend,1.855,2.1718,0.3168,1.9125,0.0,0.0,155.2,151.67,149.79,0.0,0.0,0.0,0.0,0.0,0.0,0.0,0.0,0.0,0.0,0.0,0.0,0.0,156.86,150.44,145.11,141.7,137.78,135.32,134.68,133.62,132.58,131.55,130.05,128.36
Sesquisyllabic,ˈanje2,bake v.,2.3608,2.9725,0.6116,2.4168,0.0,0.0,141.02,138.23,134.65,133.13,131.35,131.69,130.44,130.09,130.51,129.82,129.03,129.8,129.01,128.68,125.15,123.77,122.83,122.93,122.2,122.08,121.48,120.36,119.15,117.62,0.0,0.0,0.0,0.0
Monosyllabic,ˈt͡ʃ̺iɹwe2,barter,3.7588,4.1342,0.3754,,0.0,0.0,0.0,0.0,0.0,171.12,163.41,160.68,160.32,158.09,155.63,153.36,151.38,149.23,144.22,141.02,134.67,134.1,134.61,136.09,138.52,143.57,148.35,149.31,147.64,146.1,144.46,142.47,140.03,136.45
Sesquisyllabic,ˈətʰəj2,be awake,4.2848,4.959,0.6742,4.3375,0.0,178.34,169.32,0.0,0.0,0.0,0.0,0.0,0.0,0.0,0.0,0.0,0.0,0.0,136.25,128.0,126.75,121.18,118.6,0.0,0.0,0.0,0.0,0.0,0.0,0.0,0.0,0.0,0.0,0.0
Sesquisyllabic,ˈədaj2,be big,5.0715,5.5514,0.4799,5.1415,0.0,0.0,161.27,160.8,164.01,132.12,0.0,0.0,0.0,0.0,0.0,0.0,0.0,0.0,0.0,149.93,146.92,140.34,138.61,137.32,135.93,134.53,133.03,131.56,128.56,127.82,128.25,125.84,124.15,121.94
Sesquisyllabic,ˈəke2,be bitter,5.684,6.0651,0.3811,5.758,0.0,0.0,156.36,150.82,147.89,0.0,0.0,0.0,0.0,0.0,0.0,0.0,0.0,0.0,0.0,0.0,0.0,0.0,0.0,0.0,128.76,128.54,125.6,122.49,121.28,121.91,119.84,118.03,117.22,115.76
Sesquisyllabic,ˈəpɹje2,be easy,6.193,6.8685,0.6755,6.2693,0.0,0.0,156.19,143.86,0.0,0.0,0.0,0.0,0.0,0.0,0.0,0.0,0.0,0.0,124.13,120.79,117.25,114.42,0.0,0.0,0.0,0.0,0.0,0.0,0.0,0.0,0.0,0.0,0.0,0.0
Sesquisyllabic,ˈət͡səj2,be fat,7.0724,7.5885,0.5161,7.1341,0.0,0.0,151.47,145.22,0.0,0.0,0.0,0.0,0.0,0.0,0.0,0.0,0.0,0.0,0.0,0.0,0.0,0.0,0.0,137.52,132.09,129.04,126.68,122.43,121.31,119.87,119.72,119.82,119.23,118.56
Sesquisyllabic,anjə1,be fresh,7.714,8.1974,0.4834,7.8573,0.0,0.0,0.0,0.0,0.0,0.0,0.0,150.14,143.77,135.66,135.4,133.41,129.89,127.17,125.26,122.85,123.14,122.54,121.39,121.19,123.04,127.4,129.7,130.81,131.08,131.54,133.11,134.71,135.74,135.71
Sesquisyllabic,ˈət͡ʃ̺e2,"be hard, strong",8.389,8.8122,0.4231,8.4607,0.0,190.85,178.73,165.71,156.26,124.55,0.0,0.0,0.0,0.0,0.0,0.0,0.0,0.0,0.0,0.0,0.0,0.0,0.0,0.0,161.48,159.7,150.44,146.53,143.6,141.97,140.74,140.96,139.08,134.83
Sesquisyllabic,əˈt͡ʃ̺əj2,be high,9.738,10.308,0.57,9.8098,0.0,0.0,167.22,159.19,146.96,141.49,131.85,0.0,0.0,0.0,0.0,0.0,0.0,0.0,0.0,153.95,145.7,143.01,140.9,137.49,135.36,133.03,130.31,130.61,132.22,137.48,144.51,141.02,0.0,0.0
Sesquisyllabic,ˈət͡ʃ̺əj2,be hot,10.408,10.904,0.496,10.4687,0.0,0.0,0.0,135.11,139.63,126.43,0.0,0.0,0.0,0.0,0.0,0.0,0.0,0.0,0.0,0.0,0.0,126.15,121.57,116.7,111.66,110.4,109.64,114.27,120.29,125.76,123.41,121.01,120.08,0.0
Sesquisyllabic,ˈəɹe2,be in motion,11.004,11.3897,0.3857,11.1059,0.0,0.0,162.42,161.74,157.73,154.97,150.46,144.3,138.74,136.88,133.76,130.75,126.96,124.4,124.0,120.91,120.59,120.67,122.09,122.92,122.81,120.16,117.67,115.59,114.86,114.45,114.7,115.89,116.53,117.16
Sesquisyllabic,ˈət͡ʃ̺wəj2,be like smth,11.5122,12.035,0.5228,11.573,0.0,188.04,175.5,163.59,0.0,0.0,0.0,0.0,0.0,0.0,0.0,0.0,0.0,0.0,0.0,0.0,0.0,0.0,0.0,0.0,137.03,130.14,128.71,125.25,123.64,121.14,117.83,116.8,115.32,114.19
Sesquisyllabic,ˈədaj2,be old age,12.143,12.728,0.585,12.237,0.0,0.0,159.19,152.92,144.5,0.0,0.0,0.0,0.0,0.0,0.0,0.0,0.0,0.0,122.61,119.53,119.01,117.82,116.64,115.65,115.54,114.19,111.51,110.91,112.9,119.35,0.0,0.0,0.0,0.0
Sesquisyllabic,əˈtʰɛ̃1,be slightly steep,12.828,13.2942,0.4662,12.9015,0.0,0.0,0.0,0.0,0.0,0.0,0.0,0.0,0.0,0.0,0.0,0.0,0.0,0.0,0.0,0.0,0.0,0.0,0.0,0.0,163.39,162.89,162.27,161.87,163.33,165.07,163.72,159.18,151.44,143.43
Sesquisyllabic,ˈat͡θɰe2,be sour,13.4794,14.1374,0.658,13.5381,0.0,154.76,144.3,0.0,0.0,0.0,0.0,0.0,0.0,0.0,0.0,0.0,0.0,0.0,0.0,0.0,0.0,0.0,0.0,0.0,120.81,117.18,114.21,111.42,112.06,113.71,0.0,0.0,0.0,0.0
Sesquisyllabic,əˈnɔ̃j2,be sweet,14.252,14.9694,0.7174,14.3315,0.0,0.0,154.55,151.06,149.93,148.66,146.42,144.09,141.12,139.2,138.3,137.56,141.4,140.92,138.2,136.63,134.01,132.26,132.08,131.51,130.24,128.15,125.73,122.31,121.77,0.0,0.0,0.0,0.0,0.0
Sesquisyllabic,əˈd͡ʒəj2,be tall,15.1094,15.675,0.5656,15.1731,0.0,173.14,165.48,0.0,0.0,0.0,0.0,0.0,0.0,0.0,0.0,0.0,0.0,0.0,0.0,150.76,149.27,149.18,146.04,142.26,135.75,132.57,126.41,123.35,123.63,0.0,0.0,0.0,0.0,0.0
Sesquisyllabic,ˈəʃwe2,be thick,15.788,16.3828,0.5948,15.8561,0.0,157.87,150.28,145.05,0.0,0.0,0.0,0.0,0.0,0.0,0.0,0.0,0.0,0.0,0.0,0.0,0.0,147.32,142.73,0.0,0.0,134.39,131.56,127.09,123.45,121.33,0.0,0.0,0.0,0.0
Sesquisyllabic,ˈətwe2,be wet,16.532,17.0164,0.4844,16.6144,0.0,0.0,0.0,0.0,149.68,143.44,0.0,0.0,0.0,0.0,0.0,0.0,0.0,0.0,0.0,0.0,0.0,0.0,0.0,131.89,127.44,124.05,121.73,119.66,117.14,116.91,117.05,116.13,116.14,115.32
Monosyllabic,xwɛ̃1,bear,17.146,17.4332,0.2872,,0.0,0.0,0.0,0.0,0.0,0.0,0.0,0.0,0.0,0.0,0.0,0.0,134.59,131.15,129.62,129.48,129.41,129.96,131.02,132.44,133.83,135.41,138.85,141.54,143.92,146.39,148.93,152.43,156.42,159.45
Sesquisyllabic,kət͡ʃɑ̃j1,beat,17.656,18.0788,0.4228,17.7269,0.0,0.0,0.0,0.0,0.0,0.0,0.0,0.0,0.0,0.0,0.0,0.0,0.0,0.0,0.0,0.0,144.29,141.21,139.38,141.68,145.05,147.6,149.24,149.23,146.76,144.38,141.52,137.4,134.19,131.91
Monosyllabic,me2,bedbug,18.195,18.5845,0.3895,,0.0,0.0,0.0,0.0,141.02,141.31,141.98,143.24,146.11,147.55,149.5,152.57,155.9,152.88,153.74,154.39,153.95,152.95,151.64,149.95,149.01,148.56,146.62,144.3,142.06,143.94,142.05,0.0,0.0,0.0
Sesquisyllabic,əˈt͡ʃ̺wɑ1,big toe,18.7228,19.1211,0.3983,18.7787,0.0,0.0,0.0,145.56,0.0,0.0,0.0,0.0,0.0,0.0,0.0,0.0,0.0,0.0,0.0,0.0,0.0,0.0,0.0,0.0,0.0,178.25,172.1,168.78,162.22,157.39,153.35,151.22,148.41,146.17
Monosyllabic,xe1,bird,19.247,19.5661,0.3191,,0.0,0.0,0.0,0.0,0.0,0.0,0.0,0.0,0.0,0.0,0.0,0.0,0.0,0.0,0.0,0.0,0.0,0.0,0.0,183.45,176.67,172.82,170.63,168.38,162.74,157.04,153.67,149.32,146.07,144.88
Monosyllabic,sɯ1,blood,19.773,20.396,0.623,,0.0,0.0,0.0,0.0,0.0,0.0,0.0,0.0,0.0,0.0,0.0,0.0,0.0,0.0,0.0,128.91,124.33,120.61,121.03,121.45,122.72,126.58,131.99,138.36,145.57,150.99,0.0,0.0,0.0,0.0
Monosyllabic,hi2,boat,20.511,20.9287,0.4177,,0.0,0.0,0.0,0.0,0.0,0.0,0.0,0.0,0.0,0.0,0.0,0.0,0.0,0.0,0.0,145.76,144.64,142.94,141.73,141.36,141.49,141.82,142.22,142.84,143.02,143.67,143.81,143.68,144.53,146.02
Sesquisyllabic,əˈɹɯ1,bone,21.0743,21.4212,0.3469,21.1463,0.0,0.0,0.0,146.27,143.74,138.94,135.44,132.35,128.79,127.99,125.22,124.09,123.51,123.42,127.07,131.16,134.76,141.01,145.96,147.65,152.65,157.37,161.28,164.09,165.21,164.47,162.4,158.54,153.17,148.38
Monosyllabic,aˈfəj2,borrow v.,21.546,22.33,0.784,,0.0,0.0,163.3,156.73,150.07,142.36,136.93,133.7,128.44,0.0,0.0,0.0,0.0,0.0,128.3,122.79,120.81,119.73,120.5,119.92,118.17,116.27,113.87,111.88,0.0,0.0,0.0,0.0,0.0,0.0
Monosyllabic,nɥi2,breast,22.43,22.8607,0.4307,,0.0,0.0,0.0,0.0,0.0,0.0,0.0,0.0,0.0,0.0,0.0,0.0,136.84,134.9,135.14,134.51,135.81,136.98,136.85,135.53,132.84,129.28,125.93,122.01,118.03,113.76,109.47,109.42,0.0,0.0
Sesquisyllabic,əˈŋəm1,bud,23.2085,23.589,0.3805,23.2493,136.01,135.41,132.86,125.25,120.24,120.68,119.61,116.92,115.69,117.78,120.59,122.99,125.79,130.44,133.63,135.73,137.88,139.05,139.32,138.31,135.65,138.6,139.36,139.25,139.05,138.45,137.77,136.9,135.33,0.0
Sesquisyllabic,ˈəwe1,bury v.,23.7262,24.2085,0.4823,23.82,158.19,157.78,151.13,147.64,143.67,137.64,134.81,129.63,123.53,120.99,120.06,121.04,120.25,119.51,118.88,120.08,120.25,122.29,124.03,126.98,130.01,133.39,134.88,135.41,134.06,132.47,131.2,130.21,129.11,128.59
Monosyllabic,ˈəlwe2,buy,24.3872,24.7441,0.3569,,154.16,146.92,143.49,146.4,145.31,142.63,140.16,139.76,138.68,137.73,136.35,135.9,134.83,133.3,132.01,130.32,130.6,131.95,132.4,133.17,133.77,134.11,133.16,131.79,129.2,126.47,126.82,127.13,125.52,124.68
Sesquisyllabic,ˈat͡θie,call v.,24.89,25.4481,0.5581,25.035,0.0,0.0,0.0,0.0,152.87,145.29,139.42,132.58,128.12,123.47,0.0,0.0,0.0,0.0,0.0,0.0,0.0,0.0,147.48,143.3,141.65,136.41,135.76,135.03,134.71,134.23,133.51,132.14,130.92,129.07
Sesquisyllabic,əˈt͡ʃ̺ie1,change v.,25.6082,26.1171,0.5089,25.6412,162.02,154.27,145.18,131.81,123.47,0.0,0.0,0.0,0.0,0.0,0.0,0.0,0.0,0.0,0.0,0.0,132.03,131.48,133.03,132.37,131.72,130.35,129.48,128.62,128.36,129.22,131.17,133.65,137.66,144.67
Monosyllabic,ɹe2,come v.,26.256,26.6638,0.4078,,0.0,0.0,0.0,0.0,0.0,135.96,137.03,137.65,138.69,143.57,149.08,151.33,151.1,150.5,149.06,148.42,147.56,144.82,141.94,139.12,135.95,134.33,130.93,130.18,129.77,131.29,133.54,137.16,141.16,146.14
Monosyllabic,əˈɹwe2,come across v.,26.987,27.3499,0.3629,,164.37,165.1,163.36,160.93,156.51,150.3,146.54,142.42,137.93,135.28,135.23,135.89,136.5,137.76,140.68,141.25,141.13,144.61,147.84,150.51,152.01,151.37,148.92,146.88,145.48,144.12,142.45,141.18,140.29,138.88
Monosyllabic,oqɔ̃j2,come down v.,27.486,27.9288,0.4428,,0.0,0.0,174.61,166.28,154.05,143.68,0.0,0.0,0.0,0.0,0.0,0.0,0.0,0.0,0.0,0.0,156.61,149.76,146.75,145.04,143.56,140.8,139.11,137.96,137.54,138.02,140.07,144.6,150.75,152.55
Monosyllabic,t͡θɑ̃2,come in v.,28.0904,28.4267,0.3363,,0.0,0.0,0.0,0.0,161.93,156.67,151.95,148.58,145.99,145.69,144.71,143.04,141.42,140.54,139.13,138.93,139.68,139.16,139.45,140.94,141.87,142.75,144.07,145.52,146.76,146.16,0.0,0.0,0.0,0.0
Monosyllabic,sɑ̃2,come out v.,28.6279,28.9794,0.3515,,0.0,0.0,0.0,0.0,0.0,0.0,0.0,0.0,0.0,0.0,0.0,0.0,0.0,0.0,0.0,0.0,0.0,0.0,148.66,143.77,140.95,138.23,135.92,135.01,134.13,133.53,131.98,131.09,130.42,130.5
Sesquisyllabic,ˈənje2,"convalesce, recover v.",29.3113,29.8414,0.5301,29.3387,0.0,163.25,158.62,152.64,150.33,148.16,146.72,144.46,140.86,138.29,134.9,128.97,124.23,125.09,122.99,121.95,120.65,118.79,119.22,118.82,117.95,117.58,116.76,115.9,113.2,112.94,0.0,0.0,0.0,0.0
Monosyllabic,əˈwaj2,cook v.,30.1781,30.6562,0.4782,,159.3,156.51,153.59,148.53,143.27,137.97,135.35,133.1,132.11,131.45,131.7,133.28,134.52,132.75,133.01,132.24,131.52,130.36,129.29,126.48,124.86,124.72,123.06,121.87,0.0,0.0,0.0,0.0,0.0,0.0
Monosyllabic,la2,country nation,30.8817,31.1188,0.2371,,0.0,0.0,123.75,122.71,121.25,119.83,117.1,113.43,112.89,113.44,113.73,113.58,113.9,113.95,115.45,117.16,117.31,115.34,113.21,111.24,110.1,109.39,107.7,105.26,104.87,104.66,103.72,102.12,101.87,101.81
Monosyllabic,sʰa2,crow,31.363,31.734,0.371,,0.0,0.0,0.0,0.0,0.0,0.0,0.0,0.0,0.0,0.0,0.0,0.0,0.0,0.0,0.0,0.0,0.0,0.0,0.0,0.0,0.0,131.05,128.21,125.12,122.85,121.45,121.41,121.53,121.12,120.77
Sesquisyllabic,ˈat͡ʃ̺aj2,cry v.,31.863,32.41,0.547,31.9289,0.0,0.0,168.59,158.95,139.57,0.0,0.0,0.0,0.0,0.0,0.0,0.0,0.0,0.0,0.0,0.0,136.88,131.33,128.64,121.39,117.26,114.76,114.53,112.65,112.74,115.31,118.34,121.59,122.58,0.0
Monosyllabic,əˈt͡se2,death,32.51,32.9613,0.4513,,0.0,0.0,154.11,0.0,0.0,0.0,0.0,0.0,0.0,0.0,0.0,0.0,0.0,0.0,0.0,0.0,0.0,0.0,0.0,0.0,0.0,151.96,150.86,144.73,139.24,136.07,135.25,133.66,131.8,129.54
Monosyllabic,sɑ̃1,deer,33.1573,33.5081,0.3508,,0.0,0.0,0.0,578.07,584.02,0.0,0.0,0.0,0.0,0.0,0.0,0.0,0.0,0.0,0.0,0.0,0.0,0.0,0.0,128.18,126.7,128.93,132.46,134.3,136.02,138.82,141.95,144.82,148.1,151.44
Sesquisyllabic,ˈəqɔ̃j2,descend v.,33.7299,34.2214,0.4916,33.8343,0.0,156.06,151.43,144.05,132.88,0.0,0.0,0.0,0.0,0.0,0.0,0.0,0.0,0.0,0.0,139.69,136.09,133.06,130.02,127.38,124.68,123.94,120.48,117.77,0.0,0.0,0.0,0.0,0.0,0.0
Monosyllabic,ˈət͡se1,die v.,34.4107,34.9553,0.5446,,0.0,150.36,0.0,0.0,0.0,0.0,0.0,0.0,0.0,0.0,0.0,0.0,0.0,0.0,0.0,0.0,0.0,0.0,145.09,135.99,130.24,127.55,125.82,124.07,123.68,124.67,125.53,0.0,0.0,0.0
Sesquisyllabic,əˈðaj2,distribute v.,35.1646,35.7132,0.5485,35.2635,0.0,145.49,140.79,135.27,131.37,125.02,121.08,0.0,0.0,0.0,0.0,124.78,128.7,131.31,128.65,124.73,122.74,121.17,120.28,120.41,120.47,118.73,116.87,0.0,0.0,0.0,0.0,0.0,0.0,0.0
Sesquisyllabic,ˈapjaj2,diverge v.,35.9465,36.5633,0.6168,36.0147,0.0,162.97,156.84,132.78,129.1,0.0,0.0,0.0,0.0,0.0,0.0,0.0,0.0,0.0,128.17,122.79,121.42,122.01,120.36,118.58,0.0,0.0,0.0,0.0,0.0,0.0,0.0,0.0,0.0,0.0
Sesquisyllabic,əˈðaj2,divide v.,36.8484,37.382,0.5336,36.9132,0.0,153.5,149.94,139.2,134.21,125.54,0.0,0.0,0.0,0.0,0.0,0.0,140.25,133.53,129.41,126.11,123.73,123.87,122.57,122.59,122.09,121.67,0.0,0.0,0.0,0.0,0.0,0.0,0.0,0.0
Monosyllabic,əˈθe2,do v.,37.571,37.8576,0.2866,,0.0,0.0,0.0,0.0,0.0,0.0,0.0,0.0,0.0,0.0,0.0,0.0,0.0,0.0,0.0,0.0,0.0,0.0,0.0,160.53,153.21,147.82,144.99,142.15,138.44,136.29,134.98,132.41,128.72,125.49
Monosyllabic,hwi2,dog,37.9868,38.1882,0.2013,,0.0,0.0,0.0,0.0,0.0,0.0,0.0,0.0,0.0,0.0,0.0,0.0,0.0,0.0,0.0,0.0,134.66,132.24,128.08,126.83,125.59,124.24,122.5,121.17,120.08,119.25,117.42,115.55,113.79,113.54
Sesquisyllabic,əmɔ̃j2,drink v.,38.619,39.1625,0.5435,38.6793,0.0,144.33,137.37,133.07,133.67,130.66,128.5,128.33,128.21,128.22,128.22,127.41,126.95,126.67,126.45,125.75,123.79,122.1,119.83,118.37,118.09,0.0,0.0,0.0,0.0,0.0,0.0,0.0,0.0,0.0
Sesquisyllabic,aˈzɰe2,drip v.,39.4159,39.8013,0.3854,39.4522,0.0,146.67,141.2,138.02,135.96,133.9,131.54,0.0,0.0,0.0,0.0,0.0,0.0,0.0,0.0,0.0,0.0,129.4,130.39,132.51,133.31,132.78,131.23,128.77,126.74,126.24,125.88,124.76,122.87,121.18
Sesquisyllabic,ˈapwe3,dry up,39.9999,40.5815,0.5816,40.0596,0.0,0.0,164.53,0.0,0.0,0.0,0.0,0.0,0.0,0.0,0.0,0.0,0.0,0.0,0.0,0.0,0.0,0.0,133.81,127.33,122.56,119.06,117.94,0.0,0.0,0.0,0.0,0.0,0.0,0.0
Sesquisyllabic,ˈət͡θe3,eat v.,41.4787,41.9418,0.4631,41.5435,0.0,0.0,155.19,0.0,0.0,0.0,0.0,0.0,0.0,0.0,0.0,0.0,0.0,0.0,0.0,0.0,0.0,124.72,119.41,115.08,0.0,0.0,0.0,0.0,0.0,0.0,0.0,0.0,0.0,0.0
Sesquisyllabic,ˈətwe2,enough,42.124,42.7536,0.6296,42.2235,0.0,0.0,0.0,159.88,152.24,0.0,0.0,0.0,0.0,0.0,0.0,0.0,0.0,0.0,0.0,0.0,0.0,0.0,0.0,132.63,124.23,118.46,114.24,0.0,0.0,0.0,0.0,0.0,0.0,0.0
Sesquisyllabic,ˈət͡θɑ̃j2,enter approaching deictic center v.,43.0238,43.463,0.4392,43.0808,0.0,159.67,158.69,155.55,135.94,125.78,120.87,120.04,0.0,0.0,0.0,0.0,0.0,0.0,0.0,0.0,0.0,137.22,129.44,123.81,121.46,118.29,117.63,117.04,0.0,0.0,0.0,0.0,0.0,0.0
Monosyllabic,t͡θa1,excrement,43.563,43.8218,0.2588,,0.0,0.0,0.0,0.0,0.0,0.0,0.0,0.0,0.0,0.0,0.0,0.0,0.0,155.05,152.6,149.1,146.5,145.27,144.81,144.7,144.53,144.17,144.2,144.02,143.55,143.18,142.73,141.84,140.63,139.05
Monosyllabic,moq2,eye,44.0006,44.352,0.3514,,0.0,145.25,138.84,131.43,127.02,124.41,123.0,122.79,122.09,120.91,120.52,120.35,120.15,119.8,117.71,113.88,112.83,0.0,0.0,0.0,0.0,0.0,0.0,0.0,0.0,0.0,0.0,0.0,0.0,0.0
Monosyllabic,t͡θa2,face,44.452,44.7612,0.3092,,0.0,0.0,0.0,0.0,0.0,0.0,0.0,0.0,0.0,0.0,0.0,0.0,0.0,0.0,123.86,120.34,116.71,114.92,114.06,113.42,113.14,112.8,112.64,112.78,113.43,114.52,115.05,115.64,116.14,115.87
Monosyllabic,pi1,fence,44.922,45.0974,0.1754,,0.0,0.0,0.0,0.0,0.0,0.0,0.0,0.0,0.0,128.64,128.28,126.72,126.04,126.03,126.15,125.79,124.1,124.87,127.2,127.73,128.49,129.89,131.2,132.46,132.96,133.47,133.97,134.14,134.14,133.44
Monosyllabic,ɬə2,field,45.2805,45.7357,0.4553,,0.0,0.0,0.0,0.0,0.0,0.0,0.0,0.0,0.0,0.0,0.0,0.0,0.0,0.0,0.0,0.0,127.93,124.85,122.36,120.41,119.18,118.57,117.32,117.34,117.07,116.39,0.0,0.0,0.0,0.0
Sesquisyllabic,aˈʃu2,fin,45.9802,46.341,0.3608,46.0327,0.0,164.55,157.16,150.86,0.0,0.0,0.0,0.0,0.0,0.0,0.0,0.0,0.0,0.0,0.0,0.0,0.0,0.0,0.0,0.0,0.0,169.05,161.58,155.31,151.47,147.51,145.0,143.38,141.69,140.19
Monosyllabic,ma1,"fire, flame",46.4873,46.88,0.3927,,0.0,128.4,129.14,128.12,126.45,125.52,123.41,123.24,122.95,122.63,122.8,122.79,123.49,125.49,125.42,126.42,126.24,126.29,124.9,124.53,124.95,123.54,122.99,122.87,122.76,122.69,123.33,124.52,127.84,130.15
Monosyllabic,ʃi2,flea,47.1321,47.5309,0.3988,,0.0,0.0,0.0,0.0,0.0,0.0,0.0,0.0,0.0,0.0,0.0,0.0,0.0,0.0,0.0,0.0,0.0,125.07,121.89,120.89,120.82,120.79,120.9,120.24,118.46,116.89,113.75,109.5,0.0,0.0
Sesquisyllabic,əˈlɔ̃j2,flow v.,47.8675,48.58,0.7125,47.9111,0.0,147.24,138.3,135.61,129.99,127.82,126.64,126.64,126.55,125.46,124.17,126.16,125.92,123.03,122.34,121.68,122.55,123.01,121.38,120.47,0.0,0.0,0.0,0.0,0.0,0.0,0.0,0.0,0.0,0.0
Monosyllabic,t͡səŋ1,foot,48.7002,49.132,0.4318,,0.0,0.0,0.0,0.0,0.0,0.0,0.0,0.0,0.0,0.0,122.93,118.65,113.12,112.87,113.75,113.37,113.13,113.08,114.05,115.91,118.05,121.89,125.58,130.05,0.0,0.0,0.0,0.0,0.0,0.0
Sesquisyllabic,əˈŋəj2,fry v.,49.3406,49.903,0.5624,49.3825,0.0,158.58,153.28,149.69,147.33,145.55,143.14,140.27,137.42,135.36,132.77,129.18,126.6,123.42,121.13,118.78,0.0,0.0,0.0,0.0,0.0,0.0,0.0,0.0,0.0,0.0,0.0,0.0,0.0,0.0
Sesquisyllabic,ˈəɹwe1,get v.,50.0945,50.5257,0.4312,50.1308,0.0,155.6,149.43,146.12,144.45,139.69,137.48,137.18,136.85,133.81,132.87,134.53,135.41,139.37,138.91,139.56,140.25,139.58,137.07,134.89,131.82,130.26,129.09,129.81,133.94,136.85,139.22,143.26,0.0,0.0
Sesquisyllabic,ˈətʰəj2,get up from bed,50.82,51.2092,0.3892,50.8778,162.56,155.88,148.69,0.0,0.0,0.0,0.0,0.0,0.0,0.0,0.0,0.0,0.0,0.0,0.0,0.0,0.0,0.0,0.0,135.66,130.6,126.61,122.91,121.13,120.23,119.26,118.89,118.08,116.7,0.0
Monosyllabic,tθəŋ1,ginger,51.3856,51.7005,0.3149,,0.0,0.0,0.0,0.0,0.0,0.0,0.0,0.0,0.0,0.0,0.0,145.81,142.54,140.8,142.75,144.73,145.55,146.78,148.78,151.29,153.75,156.0,158.57,161.0,161.73,161.3,160.93,161.04,161.59,160.83
Sesquisyllabic,ˈəmje1,give,51.9856,52.4392,0.4536,52.023,0.0,159.77,154.01,154.08,150.96,147.76,147.01,145.46,143.29,140.02,137.9,135.29,131.63,128.01,125.81,123.1,118.67,116.49,0.0,0.0,0.0,0.0,0.0,113.45,114.72,115.32,117.46,123.61,0.0,0.0
Sesquisyllabic,ˈəve1,go v. imp,52.7702,53.1042,0.334,52.8065,0.0,157.78,153.83,151.89,149.01,143.07,139.17,135.83,132.95,131.07,128.45,128.41,128.61,130.99,131.77,133.63,136.31,139.02,140.57,140.28,138.89,137.75,137.16,136.69,136.35,136.45,136.83,137.06,137.02,136.74
Sesquisyllabic,ˈəqɔ̃j2,go down,53.289,53.697,0.408,53.3454,165.17,159.55,152.58,138.1,134.18,132.32,0.0,0.0,0.0,0.0,0.0,0.0,0.0,0.0,0.0,149.89,143.96,139.26,136.47,136.89,136.44,134.82,133.58,131.51,129.39,128.43,126.99,124.92,124.08,0.0
Sesquisyllabic,ˈəke2,go up,53.8097,54.124,0.3143,53.8648,0.0,0.0,159.29,154.55,148.58,145.5,142.31,0.0,0.0,0.0,0.0,0.0,0.0,0.0,0.0,0.0,0.0,0.0,0.0,0.0,145.46,142.89,140.07,136.95,135.95,135.09,133.69,132.69,131.99,131.11
Monosyllabic,amɛ̃2,goat,54.3541,54.7636,0.4094,,0.0,141.25,138.72,0.0,125.69,123.52,122.67,122.07,119.77,116.63,116.7,117.17,118.56,120.68,123.36,118.69,118.81,118.23,116.84,116.17,116.33,114.88,113.47,0.0,0.0,0.0,0.0,0.0,0.0,0.0
Monosyllabic,ɬa2,"ground, earth",55.0259,55.3147,0.2888,,0.0,0.0,0.0,0.0,0.0,0.0,0.0,0.0,0.0,0.0,0.0,0.0,0.0,0.0,0.0,0.0,0.0,0.0,137.1,133.33,130.67,129.33,127.96,126.07,124.71,123.45,121.65,121.17,120.92,119.92
Sesquisyllabic,ˈətʰəj2,grow,55.4706,55.8678,0.3972,55.5137,0.0,155.31,151.98,136.35,0.0,0.0,0.0,0.0,0.0,0.0,0.0,0.0,0.0,0.0,0.0,0.0,0.0,0.0,0.0,128.09,123.88,119.71,118.18,117.39,0.0,0.0,0.0,0.0,0.0,0.0
Monosyllabic,ˈanʲia,guard,56.072,56.5474,0.4754,,174.93,167.96,163.85,159.71,157.9,154.84,151.24,149.64,147.13,144.72,140.71,137.12,135.45,132.96,131.17,128.7,126.09,122.83,122.11,120.76,120.69,116.79,115.65,114.96,113.02,0.0,0.0,0.0,0.0,0.0
Sesquisyllabic,əˈʁe1,hair on the body,56.8539,57.2415,0.3877,56.8891,0.0,0.0,152.01,151.07,146.1,138.5,130.63,126.52,125.09,121.16,118.62,116.8,117.16,123.07,125.94,132.41,137.77,140.48,142.11,141.7,141.48,142.06,142.56,143.62,144.36,142.96,140.26,136.78,133.22,129.39
Monosyllabic,ke2,hand,57.4174,57.6615,0.2441,,0.0,0.0,0.0,0.0,0.0,0.0,0.0,0.0,0.0,0.0,133.54,128.49,125.73,124.48,123.82,123.14,122.33,121.65,121.19,120.99,120.99,121.1,121.36,121.98,122.22,122.69,122.89,122.79,122.46,121.83
Monosyllabic,ˈət͡sʰɑ̃j,hang,57.788,58.287,0.499,,0.0,0.0,163.47,155.39,0.0,0.0,0.0,0.0,0.0,0.0,0.0,0.0,0.0,0.0,0.0,0.0,0.0,155.42,150.11,145.26,143.55,141.49,138.73,137.24,135.63,135.0,134.67,134.99,134.62,130.55
Monosyllabic,kə1,head,58.4862,58.6935,0.2072,,0.0,0.0,0.0,0.0,0.0,0.0,0.0,157.37,155.23,148.5,146.43,144.91,143.57,142.56,141.98,141.63,141.39,141.08,140.99,141.15,141.48,141.81,142.18,142.62,143.3,144.18,145.19,146.12,147.36,149.08
Sesquisyllabic,ˈət͡ʃwe2,hear,58.8655,59.2741,0.4086,58.9387,0.0,0.0,175.1,162.51,153.72,140.5,131.96,0.0,0.0,0.0,0.0,0.0,0.0,0.0,0.0,0.0,0.0,0.0,0.0,149.73,140.53,136.85,134.24,131.75,128.69,125.59,123.16,121.41,120.01,118.97
Sesquisyllabic,ˈataj2,hold,59.4373,59.951,0.5137,59.4976,0.0,171.01,164.4,156.44,130.11,0.0,0.0,0.0,0.0,0.0,0.0,0.0,0.0,133.42,129.07,121.72,118.67,114.92,112.12,109.98,0.0,0.0,0.0,0.0,0.0,0.0,0.0,0.0,0.0,0.0
Sesquisyllabic,aˈkɯ1,hole,60.094,60.5487,0.4547,60.1253,0.0,143.1,141.13,0.0,0.0,0.0,0.0,0.0,0.0,0.0,0.0,0.0,0.0,0.0,0.0,0.0,0.0,0.0,0.0,0.0,0.0,146.47,142.88,139.87,140.73,142.56,146.39,151.23,157.17,163.1
Monosyllabic,aˈt͡sɯ1,horn,60.727,61.1401,0.4131,,0.0,0.0,153.13,146.73,140.74,0.0,0.0,0.0,0.0,0.0,0.0,0.0,0.0,0.0,0.0,0.0,0.0,0.0,0.0,0.0,0.0,183.57,186.91,186.88,186.95,184.05,179.79,174.57,167.47,161.05
Monosyllabic,a2,i,61.348,61.5032,0.1553,,0.0,0.0,0.0,0.0,152.74,151.03,148.5,143.95,138.92,136.89,135.03,132.78,131.03,131.22,131.34,131.3,129.88,126.89,126.11,126.81,126.92,126.81,126.57,126.31,126.83,127.31,127.42,127.51,127.54,127.64
Sesquisyllabic,aˈʃi1,intestines,61.815,62.3194,0.5044,61.8954,0.0,177.76,168.3,157.83,142.1,0.0,0.0,0.0,0.0,0.0,0.0,0.0,0.0,0.0,0.0,0.0,0.0,143.59,139.46,135.43,134.63,135.53,136.39,138.53,140.75,143.03,145.37,0.0,0.0,0.0
Sesquisyllabic,ˈəməj2,itch,62.501,62.976,0.475,62.5393,0.0,171.76,163.41,154.17,148.06,144.31,140.71,139.94,139.87,139.44,139.41,138.36,137.13,135.84,138.57,136.6,135.1,134.54,134.76,134.36,133.02,132.01,130.37,131.67,135.99,138.26,139.18,140.59,141.02,0.0
Sesquisyllabic,ˈət͡θɑ̃j3,join,63.101,63.688,0.587,63.1535,0.0,173.61,168.0,154.18,139.46,0.0,0.0,0.0,0.0,0.0,0.0,0.0,0.0,0.0,0.0,139.58,132.85,127.48,123.66,121.89,122.5,121.93,121.74,125.57,0.0,0.0,0.0,0.0,0.0,0.0
Sesquisyllabic,ˈəpɹaj2,jump,63.8253,64.389,0.5637,63.8594,0.0,169.49,157.2,0.0,0.0,0.0,0.0,0.0,0.0,0.0,0.0,539.58,548.21,0.0,145.63,136.58,133.55,131.71,127.71,124.99,124.63,124.84,124.17,125.69,127.6,129.47,126.02,0.0,0.0,0.0
Sesquisyllabic,əˈki2,kidney,64.5135,64.8113,0.2977,64.5376,0.0,0.0,0.0,0.0,0.0,0.0,0.0,0.0,0.0,0.0,0.0,0.0,0.0,0.0,0.0,0.0,0.0,0.0,0.0,177.74,173.73,170.07,168.98,164.43,158.01,152.84,147.72,141.72,135.26,132.97
Sesquisyllabic,ˈənje2,knead,64.9864,65.4981,0.5117,65.0288,0.0,0.0,167.2,155.17,151.57,148.37,145.04,140.37,138.84,137.64,137.05,136.89,135.69,135.24,135.66,135.71,134.75,136.02,137.87,139.14,142.59,143.61,142.54,143.09,140.66,139.55,137.76,136.45,135.36,132.82
Monosyllabic,qʰoq2,knee,65.6917,66.0693,0.3776,,0.0,0.0,0.0,0.0,0.0,0.0,0.0,0.0,0.0,161.11,154.34,147.38,138.44,126.56,118.78,0.0,0.0,0.0,0.0,0.0,0.0,0.0,0.0,0.0,0.0,0.0,0.0,0.0,0.0,0.0
Monosyllabic,əʁaj2,left,66.2995,66.7111,0.4117,,142.97,136.12,125.82,121.37,116.34,114.14,113.27,112.29,113.29,114.72,117.7,118.97,119.94,121.09,120.57,122.41,122.89,122.65,122.1,120.97,120.6,119.83,121.29,122.68,124.88,126.16,124.85,123.34,117.3,0.0
Sesquisyllabic,ət͡səŋ2,leg,66.9054,67.421,0.5156,66.9987,0.0,140.85,0.0,0.0,0.0,0.0,0.0,0.0,0.0,0.0,0.0,0.0,0.0,0.0,0.0,127.77,124.2,121.04,119.2,118.04,118.49,117.33,116.3,115.97,117.78,122.63,124.34,125.06,122.92,117.14
Sesquisyllabic,ˈəðɑ̃j2,look,67.5945,68.103,0.5085,67.6548,145.92,142.73,135.29,128.26,124.75,122.07,121.76,0.0,0.0,121.72,122.78,126.0,125.8,122.45,120.89,118.96,118.92,118.36,118.14,116.26,0.0,0.0,0.0,0.0,0.0,0.0,0.0,0.0,0.0,0.0
Monosyllabic,ʃək2,louse,68.2542,68.6899,0.4357,,0.0,0.0,0.0,0.0,0.0,0.0,0.0,0.0,0.0,0.0,0.0,0.0,0.0,0.0,0.0,139.18,133.49,129.45,126.0,118.49,0.0,0.0,0.0,0.0,0.0,0.0,0.0,0.0,0.0,0.0
Sesquisyllabic,əˈwa1,lung,68.8756,69.1891,0.3134,68.9153,156.12,153.23,149.3,145.64,140.93,135.64,131.49,128.38,125.97,122.93,122.0,121.68,121.93,123.38,124.97,126.48,127.28,127.04,127.49,128.28,128.68,128.69,128.15,128.47,128.84,128.94,128.99,129.13,129.26,130.0
Sesquisyllabic,θe1,meat animal meat,69.3767,69.7958,0.4191,69.4169,0.0,152.67,151.21,0.0,0.0,0.0,0.0,0.0,0.0,0.0,0.0,0.0,0.0,0.0,0.0,0.0,0.0,141.1,133.35,127.58,124.13,121.04,120.02,120.06,120.29,121.97,124.38,126.68,128.97,130.87
Sesquisyllabic,əˈɹwe2,meet,69.9871,70.5004,0.5133,70.0379,0.0,149.76,142.35,135.28,131.87,129.23,126.12,124.54,121.87,121.31,121.04,120.82,122.26,123.48,124.75,125.51,127.74,127.31,125.56,124.54,123.42,122.32,121.72,121.02,120.91,124.21,0.0,0.0,0.0,0.0
Monosyllabic,ɬə1,moon,70.6706,71.041,0.3703,,0.0,0.0,0.0,0.0,0.0,0.0,0.0,0.0,0.0,0.0,0.0,0.0,0.0,0.0,0.0,0.0,0.0,155.26,151.71,150.48,149.57,148.8,148.03,148.13,148.7,149.49,150.23,150.53,150.25,149.46
Sesquisyllabic,əˈɹe2,move v.,71.3356,71.7378,0.4022,71.4055,0.0,0.0,160.68,157.34,152.06,149.61,144.45,140.0,136.65,134.16,129.83,127.09,125.44,122.35,120.04,116.92,116.48,119.03,119.54,119.65,118.37,115.34,112.62,110.85,109.99,0.0,0.0,0.0,0.0,0.0
Sesquisyllabic,əˈmũŋ1,name,71.9784,72.3599,0.3815,72.027,0.0,0.0,145.26,140.31,132.24,125.45,122.51,119.46,117.77,116.97,117.24,118.03,119.83,122.43,124.1,127.42,130.24,132.13,135.18,138.89,141.76,143.9,146.27,148.37,150.69,152.85,153.55,155.72,158.26,159.29
Sesquisyllabic,əˈɹwe1,obtain,72.5639,72.9308,0.3669,72.6036,163.19,151.82,146.55,141.27,135.85,133.2,129.97,129.7,129.41,129.65,126.67,122.36,119.99,123.18,124.26,128.43,129.2,131.51,132.67,133.28,133.05,132.09,130.03,127.66,125.69,123.9,124.04,124.09,124.36,128.72
Monosyllabic,tʰə2,oil,73.1977,73.5144,0.3167,,0.0,0.0,0.0,0.0,0.0,0.0,0.0,0.0,0.0,0.0,0.0,0.0,0.0,119.02,118.53,117.38,116.61,116.13,115.89,116.1,116.13,0.0,0.0,0.0,0.0,0.0,0.0,0.0,0.0,0.0
Sesquisyllabic,ska1,one,73.695,74.1547,0.4597,73.7296,0.0,0.0,0.0,0.0,0.0,0.0,0.0,0.0,0.0,0.0,0.0,0.0,0.0,0.0,0.0,0.0,0.0,0.0,0.0,154.07,149.16,144.54,139.89,135.72,132.71,129.14,126.78,126.82,130.79,135.09
Sesquisyllabic,əˈkʰɯ1,opening,74.302,74.6967,0.3947,74.3534,0.0,0.0,148.71,148.81,0.0,0.0,0.0,0.0,0.0,0.0,0.0,0.0,0.0,0.0,0.0,0.0,0.0,0.0,0.0,0.0,0.0,151.62,155.38,153.46,153.43,155.97,158.81,161.2,164.44,166.32
Monosyllabic,hi2,penis,74.8799,75.2162,0.3363,,0.0,0.0,0.0,0.0,0.0,0.0,0.0,0.0,0.0,0.0,0.0,0.0,0.0,0.0,140.06,129.55,127.26,126.46,125.5,124.36,123.46,121.98,120.55,119.38,118.09,115.69,113.47,112.6,110.12,107.89
Monosyllabic,xwa2,pig,75.41,75.7058,0.2958,,0.0,0.0,0.0,0.0,0.0,0.0,0.0,0.0,0.0,0.0,0.0,0.0,0.0,0.0,0.0,0.0,0.0,124.28,123.88,122.77,120.98,119.51,118.12,0.0,0.0,0.0,0.0,0.0,0.0,0.0
Sesquisyllabic,əˈt͡θɛ̃1,place n.,75.9479,76.314,0.3661,75.9876,0.0,0.0,140.5,135.14,0.0,0.0,0.0,0.0,0.0,0.0,0.0,0.0,0.0,0.0,0.0,0.0,0.0,156.31,146.89,142.28,142.07,142.18,142.7,142.78,142.84,142.42,141.43,140.68,140.12,139.98
Sesquisyllabic,əˈlu1,potato,76.5208,76.8744,0.3536,76.5884,0.0,0.0,0.0,145.92,141.78,138.85,144.29,144.41,142.18,139.56,139.88,140.18,140.58,141.42,142.23,142.49,142.5,142.07,141.63,147.11,151.25,152.12,153.89,155.02,155.02,154.52,153.71,153.01,152.13,151.4
Sesquisyllabic,aˈmɛ̃1,price,77.0706,77.4754,0.4048,77.1147,0.0,0.0,0.0,0.0,131.82,129.89,129.06,128.22,126.39,126.55,125.82,126.9,128.26,129.68,131.7,135.5,135.41,134.24,136.93,137.66,137.88,138.8,137.93,137.08,136.7,137.49,139.0,141.99,144.58,146.65
Sesquisyllabic,aˈni2,pus,77.7329,78.0976,0.3648,77.7759,154.9,148.37,144.26,140.37,137.37,137.84,134.1,132.17,130.08,128.67,127.83,126.55,125.6,124.96,124.41,124.33,124.43,124.06,123.48,123.05,123.39,122.4,121.52,121.26,120.8,120.12,117.75,117.06,113.87,0.0
Monosyllabic,ˈəθɑ̃j2,put in,78.3834,78.77,0.3865,,0.0,179.48,171.43,159.17,150.69,145.06,0.0,0.0,0.0,0.0,0.0,0.0,0.0,0.0,0.0,0.0,0.0,0.0,0.0,139.56,137.96,134.96,132.57,130.93,127.93,125.31,124.12,122.08,121.53,120.2
Monosyllabic,əθɑ̃j2,put,78.9754,79.5631,0.5876,,0.0,0.0,0.0,0.0,0.0,0.0,0.0,0.0,0.0,0.0,0.0,0.0,0.0,0.0,0.0,0.0,131.28,123.76,120.32,116.86,115.33,113.45,111.16,109.79,110.91,0.0,0.0,0.0,0.0,0.0
Sesquisyllabic,əˈɹɑ̃j2,red,79.7818,80.3158,0.534,79.8611,161.41,157.9,152.85,148.39,138.84,135.93,134.49,130.76,128.79,127.76,126.9,0.0,0.0,0.0,132.6,131.3,133.02,133.0,132.36,131.99,129.62,127.91,124.94,121.5,118.93,118.6,0.0,0.0,0.0,0.0
Sesquisyllabic,ˈame3,refuse,80.4681,80.8988,0.4307,80.4994,171.8,165.58,159.49,154.71,147.16,142.15,139.94,137.93,137.4,134.94,133.3,131.37,127.56,125.62,124.72,128.68,121.93,120.87,118.9,118.04,117.17,114.93,114.66,115.52,113.08,113.71,113.05,114.49,115.72,0.0
Sesquisyllabic,ˈəlaj2,rest,81.1204,81.5444,0.424,81.1679,0.0,0.0,157.44,153.6,152.17,152.25,149.51,144.95,143.84,141.65,140.93,142.45,142.19,142.45,143.84,143.49,139.12,135.92,134.33,134.66,135.6,136.01,134.96,133.32,132.8,132.89,132.18,130.0,128.58,126.65
Monosyllabic,t͡ʃɯ1,rice cooked,81.67,81.9641,0.2941,,0.0,0.0,0.0,0.0,0.0,0.0,0.0,0.0,0.0,0.0,0.0,0.0,0.0,0.0,0.0,0.0,0.0,164.93,159.11,154.86,152.76,151.97,151.13,151.14,151.3,151.59,152.54,154.01,155.52,156.83
Sesquisyllabic,aˈzɥe1,right side,82.1575,82.491,0.3335,82.1994,147.6,145.25,140.47,133.67,129.39,128.56,127.96,0.0,0.0,0.0,0.0,0.0,0.0,0.0,0.0,0.0,0.0,0.0,141.41,145.36,149.87,152.06,152.74,152.93,153.43,154.11,153.79,152.7,151.19,149.01
Sesquisyllabic,ˈəɹəj2,roast over flame,82.636,83.0672,0.4312,82.7014,0.0,155.9,151.38,150.12,146.24,142.43,139.44,138.61,136.24,136.29,129.36,128.53,128.13,127.25,128.1,131.13,132.08,134.74,136.08,134.88,134.13,133.16,131.34,130.34,129.24,126.49,124.54,124.33,122.75,118.68
Monosyllabic,pa1,s-he,83.2583,83.4661,0.2078,,0.0,0.0,0.0,0.0,128.47,128.56,128.75,127.64,127.28,127.86,130.08,132.27,134.7,137.43,139.47,141.94,144.71,147.66,150.11,152.29,154.2,155.71,156.87,157.88,158.98,159.93,160.86,161.72,162.04,160.89
Sesquisyllabic,əˈtɹe1,sap,83.6497,84.1346,0.485,83.7334,0.0,144.13,128.65,121.31,115.08,112.45,0.0,0.0,0.0,0.0,0.0,0.0,0.0,0.0,0.0,0.0,0.0,147.55,149.92,151.88,153.29,153.83,153.42,152.64,151.27,150.58,150.86,151.18,150.26,149.06
Sesquisyllabic,ˈəkie2,scream,84.4717,84.9849,0.5132,84.5225,173.73,161.2,149.77,139.49,0.0,0.0,0.0,0.0,0.0,0.0,0.0,0.0,0.0,0.0,0.0,0.0,157.93,150.74,149.14,145.67,143.07,140.86,139.8,138.25,136.93,133.91,132.74,132.12,131.25,130.98
Sesquisyllabic,aˈtʰaj,see v.,85.167,85.613,0.446,85.2111,0.0,154.12,148.95,0.0,0.0,0.0,0.0,0.0,0.0,0.0,0.0,0.0,0.0,0.0,0.0,0.0,0.0,138.26,134.84,133.25,132.7,130.3,126.76,125.61,123.29,121.58,119.85,118.22,0.0,0.0
Sesquisyllabic,aˈt͡sɯ1,seed,85.7443,86.1448,0.4005,85.8393,0.0,0.0,0.0,142.12,142.16,127.2,0.0,0.0,0.0,0.0,0.0,0.0,0.0,0.0,0.0,0.0,0.0,0.0,0.0,0.0,0.0,0.0,194.56,196.3,196.71,195.48,192.88,189.3,184.88,180.43
Sesquisyllabic,ˈəzʷaj2,sell,86.343,86.9165,0.5735,86.416,0.0,162.82,156.89,147.41,144.15,139.43,135.56,0.0,0.0,0.0,0.0,0.0,125.45,130.45,133.07,130.75,128.48,127.83,126.3,125.23,123.69,122.85,120.53,119.94,120.95,121.74,123.15,0.0,0.0,0.0
Sesquisyllabic,ˈəpʰaj1,send,87.0737,87.663,0.5893,87.1368,0.0,0.0,160.42,157.89,0.0,0.0,0.0,0.0,0.0,0.0,0.0,0.0,0.0,0.0,0.0,0.0,146.88,131.31,122.57,118.74,115.19,116.14,116.07,115.97,116.15,119.24,126.77,133.99,135.3,136.44
Sesquisyllabic,ˈazɥi2,shade,87.9338,88.317,0.3832,87.9957,0.0,151.36,147.29,141.27,134.95,132.23,127.26,123.83,0.0,0.0,0.0,0.0,0.0,0.0,0.0,0.0,0.0,121.93,123.41,123.41,122.76,121.75,120.88,120.19,118.54,118.35,0.0,0.0,0.0,0.0
Sesquisyllabic,ˈazɥi1,shaded,88.5452,89.0971,0.5519,88.6055,0.0,156.57,151.61,149.18,144.53,140.78,135.54,130.45,125.82,125.73,126.15,0.0,116.78,121.97,130.65,133.68,135.88,137.98,137.72,136.01,135.6,136.46,136.66,137.64,136.61,138.22,139.18,142.47,0.0,0.0
Monosyllabic,θʲe1,shave v.,89.4196,90.0402,0.6206,,0.0,0.0,0.0,0.0,0.0,0.0,0.0,0.0,0.0,0.0,0.0,0.0,0.0,0.0,143.15,142.78,143.26,145.92,148.39,148.89,144.6,141.0,137.25,134.88,134.75,137.93,0.0,0.0,0.0,0.0
Sesquisyllabic,ˈəjaj2,shine,90.2411,90.6679,0.4268,90.2987,0.0,150.3,145.32,141.87,135.16,135.24,133.66,131.88,130.62,128.7,127.26,127.53,128.26,129.96,133.35,132.18,130.48,127.34,123.85,121.06,118.87,117.52,117.19,118.16,118.48,119.09,119.52,122.67,124.29,124.28
Sesquisyllabic,əˈvɯ2,shoulder,90.81,91.2341,0.4241,90.8738,0.0,154.37,152.68,145.77,138.76,133.62,130.1,128.52,133.25,137.08,139.49,139.33,154.59,159.81,166.53,169.64,172.24,173.8,174.88,174.62,172.3,167.07,159.28,152.39,148.56,146.79,147.07,145.92,140.23,0.0
Sesquisyllabic,ˈəpjə2,shout,91.4572,91.9699,0.5127,91.4896,161.4,153.78,146.74,129.02,0.0,0.0,0.0,0.0,0.0,0.0,0.0,0.0,0.0,0.0,0.0,128.41,129.48,129.98,130.02,129.4,128.79,126.45,123.94,122.94,121.0,119.7,118.58,118.63,120.46,122.94
Sesquisyllabic,əˈtʰaj2,show,92.2262,92.7149,0.4888,92.2753,0.0,156.17,148.27,0.0,0.0,0.0,0.0,0.0,0.0,0.0,0.0,0.0,0.0,0.0,0.0,0.0,0.0,137.17,133.77,131.86,130.38,129.43,127.12,123.25,120.58,120.53,123.07,126.68,129.21,131.21
Monosyllabic,t͡ʃ̺oq2,six,92.889,93.4163,0.5273,,0.0,0.0,0.0,0.0,0.0,0.0,0.0,0.0,0.0,0.0,0.0,131.14,123.42,118.94,116.7,113.74,109.8,0.0,0.0,0.0,0.0,0.0,0.0,0.0,0.0,0.0,0.0,0.0,0.0,0.0
Sesquisyllabic,əˈwi1,skin,93.6424,94.1272,0.4849,93.7055,0.0,137.26,130.21,126.66,122.88,119.58,117.42,115.67,115.43,116.79,117.84,122.36,125.91,130.1,135.13,138.47,139.4,140.2,140.5,139.27,138.93,138.79,137.47,135.82,135.81,137.87,139.28,137.35,133.73,132.39
Monosyllabic,ˈəkje3,slice,94.414,94.9476,0.5336,,0.0,171.11,162.86,157.44,0.0,0.0,0.0,0.0,0.0,0.0,0.0,0.0,0.0,0.0,0.0,0.0,0.0,0.0,0.0,0.0,137.14,127.31,123.22,120.85,119.86,118.01,116.88,117.01,117.36,120.15
Sesquisyllabic,ˈənje3,slip,95.088,95.6238,0.5358,95.1234,0.0,166.88,161.6,160.49,156.71,150.44,147.87,145.49,143.73,139.37,136.52,133.64,130.76,127.63,125.8,124.2,122.74,122.18,118.9,118.44,117.99,118.43,117.74,117.09,116.92,118.07,119.7,124.67,129.55,0.0
Sesquisyllabic,aˈji1,"smell, odour",95.8203,96.2409,0.4206,95.8555,0.0,0.0,0.0,132.16,129.17,126.96,126.01,124.12,123.3,117.85,117.54,117.37,118.68,123.63,126.16,130.77,131.12,134.5,135.88,141.91,145.5,146.97,148.74,152.31,153.27,155.55,157.53,157.41,156.03,154.21
Monosyllabic,d͡ʒə1,speech,96.377,96.5574,0.1804,,0.0,0.0,0.0,0.0,0.0,0.0,0.0,0.0,139.66,139.68,139.74,139.93,140.17,140.25,140.29,140.28,140.9,141.65,142.56,143.38,144.14,144.62,144.82,144.68,144.02,143.18,142.15,141.73,141.7,143.48
Sesquisyllabic,ˈaθɰe2,squeeze,97.2535,97.8462,0.5927,97.2971,0.0,0.0,0.0,0.0,0.0,0.0,0.0,0.0,0.0,0.0,0.0,0.0,0.0,0.0,0.0,0.0,0.0,158.98,149.7,144.45,140.89,139.26,136.56,134.44,131.38,128.67,128.68,128.57,131.07,138.22
Sesquisyllabic,əˈɹũŋ1,stem,98.0973,98.552,0.4547,98.156,0.0,142.79,137.91,134.79,129.89,128.13,120.3,116.1,114.55,114.57,113.22,112.83,114.99,120.91,126.99,129.41,131.39,135.33,141.21,144.68,149.84,154.59,156.89,157.74,158.25,156.5,152.07,146.44,0.0,0.0
Monosyllabic,t͡θɑ̃ŋ1,stick,98.652,99.1272,0.4752,,0.0,0.0,0.0,0.0,0.0,0.0,0.0,0.0,0.0,135.22,122.94,120.56,118.18,117.08,116.64,116.66,116.45,116.81,119.29,120.87,124.18,127.79,132.06,136.24,139.41,142.21,138.26,0.0,0.0,0.0
Monosyllabic,poq2,stomach,99.3444,99.762,0.4176,,0.0,0.0,0.0,128.62,126.01,123.41,121.01,117.96,115.35,109.92,0.0,0.0,0.0,0.0,0.0,0.0,0.0,0.0,0.0,0.0,0.0,0.0,0.0,0.0,0.0,0.0,0.0,0.0,0.0,0.0
Monosyllabic,ɬũŋ1,stone,99.862,100.2748,0.4128,,0.0,0.0,0.0,0.0,0.0,0.0,0.0,0.0,0.0,131.53,128.75,127.57,126.65,125.6,125.42,125.55,124.89,124.08,123.74,124.9,126.28,126.69,127.1,126.97,127.42,128.35,127.75,126.47,124.77,0.0
Monosyllabic,ˈɹiθaj,strip off,100.416,101.152,0.736,,0.0,133.46,128.11,125.27,128.19,131.34,139.5,141.49,139.32,135.98,128.86,0.0,0.0,0.0,0.0,0.0,0.0,0.0,0.0,138.27,132.07,129.42,128.82,128.96,127.63,128.68,132.31,133.81,147.82,0.0
Sesquisyllabic,aˈma1,tail animal,101.3406,101.6841,0.3435,101.3841,0.0,0.0,149.94,148.47,142.48,127.58,131.28,129.27,131.47,133.36,135.39,137.35,141.68,144.86,146.96,149.44,152.88,156.84,156.0,155.87,155.49,154.33,152.92,151.79,150.29,149.16,146.24,140.91,134.86,133.83
Sesquisyllabic,ˈələj2,take,101.826,102.363,0.537,101.8941,0.0,159.18,154.96,149.43,143.73,148.05,147.5,144.41,140.82,134.98,132.28,127.82,127.21,130.15,125.25,121.69,119.52,117.93,114.64,113.1,0.0,0.0,0.0,0.0,0.0,0.0,0.0,0.0,0.0,0.0
Monosyllabic,pi1,taro,102.463,102.8078,0.3448,,0.0,0.0,0.0,0.0,0.0,0.0,0.0,129.48,128.14,126.69,125.9,125.1,124.02,123.18,121.37,121.04,121.02,121.8,122.64,123.36,124.73,126.74,128.28,129.65,130.84,133.23,133.5,0.0,0.0,0.0
Monosyllabic,t͡ʃ̺e1,ten,103.027,103.5197,0.4927,,0.0,0.0,0.0,0.0,0.0,0.0,0.0,0.0,0.0,0.0,0.0,0.0,0.0,0.0,0.0,136.18,133.35,131.5,129.62,129.49,128.53,128.03,129.09,130.4,133.69,137.22,141.14,142.22,132.77,0.0
Monosyllabic,tje2,that,103.686,104.0607,0.3747,,0.0,0.0,0.0,0.0,140.31,134.57,133.7,132.66,130.43,130.05,128.81,129.09,129.59,130.79,131.46,131.92,131.64,131.09,129.19,125.92,120.56,116.16,113.57,0.0,0.0,0.0,0.0,0.0,0.0,0.0
Monosyllabic,pu2,they,104.272,104.4974,0.2254,,0.0,0.0,0.0,0.0,0.0,0.0,0.0,0.0,0.0,0.0,217.23,217.11,213.77,208.37,205.22,202.78,199.82,196.29,192.11,186.43,181.31,176.28,171.12,165.67,161.03,157.0,153.26,149.68,147.73,145.47
Monosyllabic,kθə1,thorn,104.665,105.1435,0.4785,,0.0,0.0,0.0,0.0,0.0,0.0,0.0,0.0,0.0,0.0,0.0,0.0,0.0,0.0,0.0,0.0,124.37,122.71,122.81,124.76,128.69,132.39,135.81,139.24,144.6,154.18,159.71,162.19,160.62,164.35
Monosyllabic,kʰlɑ̃1,thread,105.302,105.7449,0.4429,,0.0,0.0,0.0,0.0,0.0,0.0,0.0,0.0,0.0,133.94,125.18,123.17,122.03,120.8,119.95,118.69,118.95,121.2,124.12,124.35,125.59,127.72,130.37,134.48,137.56,141.35,144.08,144.71,145.64,147.22
Sesquisyllabic,ˈəfje2,throw v.,105.902,106.3591,0.4571,105.9863,0.0,0.0,162.97,158.18,155.4,148.14,0.0,0.0,0.0,0.0,0.0,0.0,0.0,0.0,0.0,0.0,0.0,0.0,0.0,0.0,144.98,138.44,133.22,129.14,124.88,122.56,120.85,120.61,120.07,118.56
Sesquisyllabic,aˈɬi2,tongue,106.514,106.796,0.2821,106.5642,0.0,167.79,168.19,162.56,142.11,141.25,0.0,0.0,0.0,0.0,0.0,0.0,0.0,0.0,0.0,0.0,0.0,0.0,0.0,0.0,156.02,155.03,153.36,151.86,150.32,148.94,147.75,146.75,145.62,144.57
Monosyllabic,kʰe1,tooth,106.938,107.2095,0.2715,,0.0,0.0,0.0,0.0,0.0,0.0,0.0,0.0,0.0,0.0,0.0,0.0,0.0,0.0,0.0,0.0,0.0,139.77,139.39,137.97,136.82,137.54,139.6,142.33,144.79,147.98,150.45,152.64,155.25,155.99
Monosyllabic,t͡θəŋ1,tree,107.4031,107.882,0.4789,,0.0,0.0,0.0,0.0,0.0,0.0,0.0,0.0,0.0,0.0,139.24,135.51,133.58,131.64,129.3,128.05,126.84,125.57,124.78,126.66,131.87,0.0,0.0,0.0,0.0,0.0,0.0,0.0,0.0,0.0
Sesquisyllabic,əˈmwe2,twirl,107.9712,108.5494,0.5781,108.0025,0.0,142.69,139.4,138.57,137.52,135.34,134.94,133.98,133.44,133.5,132.04,130.44,130.88,130.09,129.18,130.95,132.19,131.98,129.12,126.77,123.57,121.76,120.01,118.62,118.98,119.87,0.0,0.0,0.0,0.0
Monosyllabic,θɔ̃ŋ1,urine,108.689,108.9665,0.2775,,0.0,0.0,0.0,0.0,0.0,0.0,0.0,0.0,0.0,0.0,0.0,0.0,0.0,0.0,0.0,0.0,172.82,168.51,164.3,162.55,161.79,161.19,160.48,159.25,157.92,157.1,157.06,157.48,157.42,157.15
Monosyllabic,sɯ2,vagina,109.097,109.377,0.28,,0.0,0.0,0.0,0.0,0.0,0.0,0.0,0.0,0.0,0.0,0.0,0.0,0.0,0.0,0.0,0.0,0.0,0.0,0.0,0.0,0.0,0.0,137.77,136.61,133.99,132.85,131.94,130.92,130.06,129.08
Sesquisyllabic,əˈvɛ̃1,valley,109.5628,109.9147,0.3519,109.6254,0.0,139.97,136.32,133.3,131.38,127.87,124.16,120.55,0.0,0.0,0.0,0.0,0.0,0.0,0.0,0.0,131.28,133.11,134.96,132.73,130.94,129.76,129.37,129.21,128.83,128.86,129.51,129.43,129.2,128.98
Sesquisyllabic,aˈnɑ̃j1,village,110.0681,110.681,0.6129,110.0966,0.0,0.0,0.0,0.0,120.14,116.37,116.91,118.84,120.93,124.44,133.01,133.34,136.2,138.56,139.21,138.52,136.08,133.49,129.73,126.39,124.1,0.0,0.0,0.0,0.0,0.0,0.0,0.0,0.0,0.0
Monosyllabic,qʰə2,voice,110.781,111.0315,0.2505,,0.0,0.0,0.0,0.0,0.0,0.0,0.0,0.0,0.0,0.0,0.0,0.0,0.0,0.0,0.0,0.0,0.0,0.0,0.0,0.0,0.0,124.88,120.5,118.84,115.96,113.76,112.73,112.52,0.0,0.0
Sesquisyllabic,ˈatʰəj2,wake up - get up v.,111.3193,112.01,0.6907,111.3679,0.0,142.48,145.95,0.0,0.0,0.0,0.0,0.0,0.0,0.0,0.0,0.0,128.88,123.41,120.65,118.51,114.1,113.78,110.92,107.52,0.0,0.0,0.0,0.0,0.0,0.0,0.0,0.0,0.0,0.0
Monosyllabic,ʃ̺i1,war,112.1994,112.5625,0.3631,,0.0,0.0,0.0,0.0,0.0,0.0,0.0,0.0,0.0,0.0,0.0,0.0,0.0,0.0,0.0,0.0,0.0,0.0,0.0,154.06,151.8,151.97,152.65,153.73,155.55,157.65,159.58,160.81,161.3,160.94
Monosyllabic,ʃwi2,water,112.703,112.9838,0.2808,,0.0,0.0,0.0,0.0,0.0,0.0,0.0,0.0,0.0,0.0,0.0,0.0,0.0,0.0,0.0,0.0,0.0,0.0,0.0,148.64,143.74,137.63,135.12,133.67,132.16,131.21,130.35,129.06,127.54,126.24
Monosyllabic,ha1,we,113.122,113.5455,0.4235,,0.0,0.0,0.0,0.0,0.0,0.0,0.0,0.0,0.0,0.0,0.0,0.0,0.0,0.0,0.0,0.0,139.56,138.39,138.38,139.58,142.44,145.81,149.92,155.07,159.77,162.52,165.65,166.39,163.18,159.92
Monosyllabic,ˈəɹɑj2,weave,113.7024,114.1258,0.4234,,170.39,165.74,160.66,154.92,150.4,144.65,140.55,136.7,133.52,130.12,128.72,127.95,128.42,129.93,130.03,129.41,125.54,120.58,119.44,118.27,116.36,0.0,0.0,0.0,0.0,0.0,0.0,0.0,0.0,0.0
Sesquisyllabic,ˈət͡͡ʃ̺aj2,weep,114.3267,114.8306,0.5038,114.3591,151.39,147.53,141.46,0.0,0.0,0.0,0.0,0.0,0.0,0.0,0.0,0.0,0.0,0.0,0.0,136.51,128.67,125.81,119.14,116.71,113.82,0.0,0.0,0.0,0.0,0.0,0.0,0.0,0.0,0.0
Monosyllabic,mwe2,what,114.9919,115.3181,0.3262,,0.0,142.38,137.39,135.71,135.11,134.08,132.04,131.36,132.27,133.23,133.66,133.96,134.17,134.1,133.4,132.04,130.24,126.22,122.93,118.85,112.26,109.04,0.0,0.0,0.0,0.0,0.0,0.0,0.0,0.0
Monosyllabic,ŋəm1,wheat,115.514,115.905,0.391,,0.0,0.0,0.0,123.8,122.2,122.38,122.17,122.21,122.54,123.42,125.07,126.28,130.91,136.37,139.0,141.05,143.33,144.83,145.71,145.04,149.57,154.21,158.03,162.74,167.43,170.88,171.99,171.7,169.74,166.99
Sesquisyllabic,ˈəðəj2,win v.,116.0918,116.5548,0.4631,116.1705,0.0,153.48,147.24,144.08,137.22,134.83,130.56,0.0,0.0,0.0,0.0,123.21,125.51,125.81,122.33,120.3,116.27,113.31,111.63,110.11,0.0,0.0,0.0,0.0,0.0,0.0,0.0,0.0,0.0,0.0
Monosyllabic,d͡ʒə2,word,117.223,117.4197,0.1967,,0.0,0.0,0.0,0.0,0.0,0.0,0.0,0.0,0.0,0.0,0.0,130.91,131.0,131.18,129.22,127.05,124.86,125.09,125.06,124.84,124.51,124.32,124.08,123.01,121.93,121.05,120.99,120.98,0.0,0.0
Monosyllabic,pi1,yam,117.7259,118.1024,0.3765,,0.0,0.0,0.0,0.0,0.0,135.95,135.06,130.91,129.65,129.34,129.78,129.67,128.91,128.05,126.95,125.96,125.09,124.19,124.4,126.03,128.69,132.92,137.26,140.79,143.6,145.81,0.0,0.0,0.0,0.0
Monosyllabic,kəm1,year,118.3396,118.6714,0.3318,,0.0,0.0,0.0,0.0,0.0,167.94,164.75,161.64,160.04,158.83,157.68,156.83,155.96,155.11,153.73,152.95,152.49,152.86,154.04,154.56,155.36,156.35,157.19,158.33,159.63,160.47,162.64,166.15,169.38,168.83
Monosyllabic,na1,you,118.9071,119.1909,0.2838,,140.65,136.78,130.44,126.0,123.32,121.2,119.3,118.74,119.26,119.23,119.99,122.37,128.81,135.61,133.71,133.99,135.41,137.32,140.0,142.74,146.36,150.74,154.32,157.72,160.72,163.03,165.83,168.55,170.11,171.4
